latitude,longitude,number of ships,inflection fraction
8,-66.26229612,1,1
11,-88.66474085,1,0
12,-88.79280881,9,0
13,-116.2187968,1,0
13,-112.1764038,123,0
13,-88.93264449,20,0
14,-117.4294516,6,0
14,-116.4171288,15,0
14,-115.4048059,19,0
14,-114.3924831,1,0
14,-110.3431916,6,0
14,-109.3308688,2,0
14,-89.08441159,41,0.024390244
14,-67.82563155,2,0
14,-65.80098583,1,1
15,-109.5319914,1,0
15,-70.9929574,4,0
15,-69.97877229,4,0
15,-68.96458719,20,0
15,-67.95040208,3,0
15,-66.93621697,106,0
15,-65.92203187,95,0
15,-64.90784676,61,0
15,-63.89366166,16,0
16,-112.7967784,6,0
16,-111.7805912,76,0
16,-110.764404,10,0
16,-109.7482168,17,0
16,-76.21403943,2,0.5
16,-71.13310347,1,0
16,-70.11691628,49,0
16,-69.10072908,262,0.007633588
16,-68.08454189,191,0.005235602
16,-67.0683547,649,0
16,-66.05216751,967,0
16,-65.03598031,518,0
16,-64.01979312,105,0
16,-63.00360593,32,0
17,-119.1447889,6,0
17,-118.1264574,35,0
17,-117.1081259,1,0
17,-115.0714628,1,0
17,-114.0531313,115,0
17,-113.0347998,175,0
17,-112.0164682,145,0
17,-110.9981367,153,0
17,-109.9798052,52,0
17,-108.9614736,18,0.055555556
17,-107.9431421,1,0
17,-103.869816,7,0.285714286
17,-88.59484306,57,0
17,-70.26487553,65,0
17,-69.246544,469,0.002132196
17,-68.22821247,2674,0
17,-67.20988094,7755,0.000128949
17,-66.19154941,3595,0.000278164
17,-65.17321788,3896,0.001283368
17,-64.15488635,1255,0
17,-63.13655482,7,0
18,-119.412625,2,0
18,-117.3713835,33,0
18,-116.3507628,128,0
18,-115.3301421,103,0
18,-114.3095213,85,0
18,-113.2889006,139,0
18,-112.2682799,445,0
18,-111.2476592,388,0
18,-110.2270384,31,0
18,-88.79400318,19,0
18,-70.42283011,38,0.02631579
18,-69.40220938,587,0.00681431
18,-68.38158865,13108,0.000457736
18,-67.36096793,14329,0.000767674
18,-66.3403472,22990,0.003262288
18,-65.31972647,60629,0.002754457
18,-64.29910575,38954,0.002541459
18,-63.27848502,565,0.012389381
18,-62.2578643,9,0.111111111
19,-154.4816977,20,0
19,-129.9283152,1,0
19,-128.9052576,22,0
19,-127.8822,7,0
19,-126.8591424,2,0.5
19,-124.8130272,3,0
19,-123.7899696,1,0
19,-119.6977392,16,0
19,-118.6746816,314,0
19,-117.651624,497,0
19,-116.6285664,587,0
19,-115.6055088,455,0
19,-114.5824512,481,0
19,-113.5593936,331,0
19,-112.536336,140,0
19,-110.4902208,144,0
19,-109.4671632,228,0
19,-108.4441056,25,0
19,-89.00601123,61,0
19,-69.56791682,59,0.016949153
19,-68.54485922,4673,0.000641986
19,-67.52180162,16652,0.000240211
19,-66.49874402,23841,0.000167778
19,-65.47568642,15369,6.51E-05
19,-64.45262882,6109,0.000818465
19,-63.42957122,301,0.003322259
20,-154.8724234,115,0.060869565
20,-130.2569389,3,0.333333333
20,-123.0774226,1,0
20,-122.0517774,104,0
20,-121.0261322,337,0
20,-120.000487,524,0
20,-118.9748418,395,0
20,-117.9491966,450,0
20,-116.9235514,427,0
20,-115.8979063,175,0
20,-114.8722611,75,0
20,-113.8466159,59,0
20,-112.8209707,303,0
20,-111.7953255,1219,0
20,-110.7696803,1523,0.001969797
20,-109.7440351,431,0.004640371
20,-108.7183899,25,0.04
20,-107.6927448,17,0
20,-88.20548618,128,0
20,-69.74387279,35,0.057142857
20,-68.71822761,1408,0.005681818
20,-67.69258242,3748,0.000800427
20,-66.66693723,6830,0.000146413
20,-65.64129204,6119,0.000326851
20,-64.61564685,1741,0
20,-63.59000166,28,0
20,-62.56435648,4,0
21,-154.2580133,40,0.025
21,-145.0025325,5,0
21,-131.6335047,31,0
21,-130.6051179,25,0
21,-124.4347974,11,0
21,-123.4064106,70,0.014285714
21,-122.3780239,157,0
21,-121.3496371,140,0.007142857
21,-120.3212504,472,0.004237288
21,-119.2928636,211,0
21,-118.2644769,66,0
21,-117.2360901,227,0
21,-116.2077033,376,0.002659575
21,-115.1793166,990,0
21,-114.1509298,1082,0.000924214
21,-113.1225431,1658,0.001206273
21,-112.0941563,1827,0.001642036
21,-111.0657696,2236,0.002236136
21,-110.0373828,442,0.009049774
21,-109.0089961,27,0.074074074
21,-107.9806093,3,0
21,-96.668355,6,0
21,-91.52642122,6,0
21,-88.44126095,114,0
21,-86.38448744,20,0.05
21,-85.35610069,364,0.002747253
21,-84.32771393,93,0.021505376
21,-83.29932718,40,0.025
21,-77.12900665,12,0
21,-76.10061989,1,0
21,-68.9019126,117,0.034188034
21,-67.87352585,460,0.008695652
21,-66.84513909,381,0.007874016
21,-65.81675234,474,0
21,-64.78836558,258,0.003875969
21,-63.75997883,118,0
21,-62.73159207,1,1
21,-61.70320532,2,0
22,-154.6928714,107,0.018691589
22,-145.4112991,1,0
22,-141.2861559,4,0
22,-139.2235842,11,0
22,-138.1922984,11,0
22,-137.1610126,29,0
22,-136.1297268,2,0
22,-135.098441,6,0
22,-134.0671552,28,0
22,-133.0358694,15,0
22,-132.0045836,14,0
22,-128.9107261,3,0
22,-127.8794403,1,0
22,-126.8481545,11,0
22,-125.8168687,70,0
22,-124.7855829,44,0
22,-123.7542971,4,0
22,-122.7230113,3,0
22,-120.6604397,210,0
22,-119.6291539,285,0
22,-118.5978681,447,0
22,-117.5665822,1394,0.00071736
22,-116.5352964,1706,0
22,-115.5040106,1777,0.000562746
22,-114.4727248,2808,0.001068376
22,-113.441439,3272,0
22,-112.4101532,2976,0
22,-111.3788674,1295,0.003861004
22,-110.3475816,238,0.021008403
22,-109.3162958,37,0
22,-97.97215187,210,0.00952381
22,-96.94086606,23,0
22,-95.90958025,26,0
22,-94.87829444,1,0
22,-91.78443701,16,0
22,-90.75315121,9,0
22,-89.7218654,1,0
22,-88.69057959,225,0
22,-87.65929378,266,0.003759399
22,-86.62800797,288,0.003472222
22,-85.59672216,1572,0.002544529
22,-84.56543635,296,0
22,-80.44029311,13,0
22,-78.3777215,2,0
22,-77.34643569,99,0
22,-74.25257826,6,0
22,-73.22129245,21,0
22,-69.09614921,1,0
22,-66.00229179,126,0
22,-64.97100598,2,0.5
22,-63.93972017,28,0
23,-155.1519168,1,2
23,-141.7054174,7,0
23,-140.6710712,4,0
23,-139.6367251,4,0
23,-137.5680329,1,0
23,-135.4993407,38,0
23,-134.4649946,10,0
23,-133.4306485,6,0
23,-132.3963023,15,0
23,-129.293264,17,0
23,-127.2245718,14,0
23,-126.1902257,99,0.01010101
23,-125.1558796,172,0
23,-124.1215334,114,0.00877193
23,-123.0871873,103,0
23,-122.0528412,248,0
23,-121.0184951,328,0
23,-119.984149,743,0.001345895
23,-118.9498029,1704,0.000586855
23,-117.9154568,2338,0.000427716
23,-116.8811107,3946,0.000253421
23,-115.8467646,3469,0.000576535
23,-114.8124184,2885,0.001039861
23,-113.7780723,2299,0.000434972
23,-112.7437262,2993,0.000668226
23,-111.7093801,2407,0.007062734
23,-110.675034,272,0.022058824
23,-109.6406879,14,0.071428571
23,-97.22853453,134,0
23,-96.19418842,82,0
23,-95.15984231,54,0
23,-94.1254962,1,0
23,-93.09115009,52,0
23,-92.05680397,23,0
23,-91.02245786,1,0
23,-88.95376564,65,0
23,-87.91941953,109,0.018348624
23,-86.88507341,377,0.00530504
23,-85.8507273,915,0.005464481
23,-84.81638119,684,0.002923977
23,-83.78203508,2211,0.001809136
23,-82.74768897,2524,0.000792393
23,-81.71334285,1218,0.000821018
23,-80.67899674,690,0.001449275
23,-79.64465063,365,0.008219178
23,-78.61030452,78,0.012820513
23,-77.5759584,19,0
23,-73.43857396,18,0.055555556
23,-72.40422784,3,0
24,-148.3727525,2,0
24,-142.1473223,3,0
24,-137.9970355,2,0
24,-136.9594638,23,0
24,-135.9218921,21,0
24,-133.8467488,21,0
24,-132.8091771,39,0
24,-131.7716054,15,0
24,-130.7340337,6,0
24,-129.696462,28,0
24,-128.6588903,27,0
24,-126.5837469,54,0
24,-125.5461752,231,0
24,-124.5086035,219,0
24,-123.4710318,785,0
24,-122.4334601,712,0.005617978
24,-121.3958884,1858,0.002152853
24,-120.3583167,2265,0.000441501
24,-119.320745,2936,0.0003406
24,-118.2831733,3137,0.000318776
24,-117.2456016,2837,0
24,-116.2080299,1757,0.001138304
24,-115.1704582,1621,0.000616903
24,-114.1328865,2478,0.000403551
24,-113.0953148,6098,0.002295835
24,-112.0577431,2788,0.004304161
24,-111.0201715,38,0.052631579
24,-97.53173941,71,0
24,-96.49416771,468,0.004273504
24,-95.45659601,165,0
24,-94.41902432,8,0
24,-93.38145262,33,0
24,-92.34388093,59,0.016949153
24,-91.30630923,101,0
24,-90.26873753,98,0
24,-89.23116584,34,0.029411765
24,-88.19359414,65,0.030769231
24,-87.15602245,303,0.01650165
24,-86.11845075,1442,0.006934813
24,-85.08087906,5050,0.003366337
24,-84.04330736,9687,0.001548467
24,-83.00573566,18158,0.000826082
24,-81.96816397,43008,0.000232515
24,-80.93059227,26068,0.000460335
24,-79.89302058,11527,0.000433764
24,-78.85544888,387,0.002583979
24,-76.78030549,10,0
24,-75.74273379,17,0
24,-74.7051621,53,0.018867925
24,-72.63001871,17,0
24,-71.59244701,3,0.333333333
25,-144.694396,1,0
25,-143.6534291,30,0
25,-142.6124622,15,0
25,-137.4076278,15,0
25,-136.366661,1,0
25,-135.3256941,1,1
25,-134.2847272,13,0
25,-133.2437603,13,0
25,-132.2027934,122,0
25,-131.1618266,7,0
25,-130.1208597,9,0
25,-129.0798928,31,0
25,-128.0389259,85,0
25,-126.9979591,519,0
25,-125.9569922,799,0
25,-124.9160253,1166,0
25,-123.8750584,1211,0.001651528
25,-122.8340915,1299,0.001539646
25,-121.7931247,1947,0.001027221
25,-120.7521578,2510,0.000398406
25,-119.7111909,2652,0.001131222
25,-118.670224,1426,0.001402525
25,-117.6292572,1188,0.001683502
25,-116.5882903,1068,0
25,-115.5473234,1317,0.001518603
25,-114.5063565,6375,0.000313726
25,-113.4653897,7109,0.001547334
25,-112.4244228,396,0.007575758
25,-96.80991961,308,0
25,-95.76895273,1123,0
25,-94.72798586,621,0.001610306
25,-93.68701898,848,0.003537736
25,-92.6460521,781,0.00128041
25,-91.60508522,2074,0.00048216
25,-90.56411835,704,0.002840909
25,-89.52315147,124,0.008064516
25,-88.48218459,127,0
25,-87.44121771,353,0.028328612
25,-86.40025084,1591,0.003771213
25,-85.35928396,1109,0.00270514
25,-84.31831708,6765,0.001330377
25,-83.2773502,3557,0.003092494
25,-82.23638333,57263,0.001798718
25,-81.19541645,19834,0.002016739
25,-80.15444957,83484,0.001054094
25,-79.11348269,25106,0.00035848
25,-78.07251582,290,0.010344828
25,-77.03154894,265,0.003773585
25,-75.99058206,365,0.005479452
25,-74.94961518,84,0.023809524
25,-72.86768143,21,0
26,-141.0123974,3,0
26,-139.9678612,40,0
26,-138.9233249,39,0
26,-137.8787886,40,0.025
26,-136.8342523,2,0
26,-135.789716,28,0
26,-134.7451798,53,0
26,-133.7006435,126,0
26,-132.6561072,122,0.008196721
26,-131.6115709,321,0.003115265
26,-130.5670347,447,0.002237137
26,-129.5224984,778,0
26,-128.4779621,910,0.001098901
26,-127.4334258,1041,0.000960615
26,-126.3888895,888,0.003378378
26,-125.3443533,754,0
26,-124.299817,1469,0
26,-123.2552807,1248,0.000801282
26,-122.2107444,1238,0.000807754
26,-121.1662082,1907,0.001573152
26,-120.1216719,1670,0
26,-119.0771356,1357,0
26,-118.0325993,812,0
26,-116.9880631,1152,0.000868056
26,-115.9435268,4084,0.000489716
26,-114.8989905,6859,0.000874763
26,-113.8544542,8016,0.001372256
26,-97.14187378,18461,0.003737609
26,-96.09733751,3007,0.000997672
26,-95.05280123,2694,0.002227172
26,-94.00826495,3925,0.001019108
26,-92.96372867,10264,0.000194856
26,-91.9191924,4154,0.00264805
26,-90.87465612,743,0.004037685
26,-89.83011984,312,0.009615385
26,-88.78558357,648,0.00617284
26,-87.74104729,1986,0.002014099
26,-86.69651101,1272,0.000786164
26,-85.65197473,3043,0.000657246
26,-84.60743846,1026,0.000974659
26,-83.56290218,4500,0.000222222
26,-82.5183659,8787,0.001138045
26,-81.47382963,2928,0.004439891
26,-80.42929335,167654,0.004509287
26,-79.38475707,86708,0.000449786
26,-78.34022079,12657,0.002291222
26,-77.29568452,2810,0.002491103
26,-76.25114824,1648,0.001820388
26,-75.20661196,722,0
26,-74.16207568,256,0.00390625
26,-73.11753941,49,0
26,-72.07300313,3,0
27,-141.518453,6,0
27,-138.3735984,4,0
27,-137.3253136,28,0
27,-136.2770288,142,0
27,-135.2287439,105,0.00952381
27,-134.1804591,482,0
27,-133.1321743,707,0
27,-132.0838894,789,0
27,-131.0356046,644,0
27,-129.9873198,754,0
27,-128.9390349,446,0.002242153
27,-127.8907501,949,0.001053741
27,-126.8424652,1152,0
27,-125.7941804,1026,0.000974659
27,-124.7458956,900,0.002222222
27,-123.6976107,675,0.001481482
27,-122.6493259,546,0
27,-121.6010411,1347,0.000742391
27,-120.5527562,1305,0
27,-119.5044714,1198,0
27,-118.4561865,1127,0.000887311
27,-117.4079017,3068,0.000651891
27,-116.3596169,2711,0
27,-115.311332,13954,0.000644976
27,-114.2630472,4449,0.001573387
27,-97.49048982,34732,0.001007716
27,-96.44220498,16625,0.000962406
27,-95.39392014,7758,0.000515597
27,-94.3456353,14504,0.000689465
27,-93.29735047,6872,0.000291036
27,-92.24906563,8182,0.000855537
27,-91.20078079,3806,0.00341566
27,-90.15249596,928,0.005387931
27,-89.10421112,1892,0.001057083
27,-88.05592628,5015,0.001794616
27,-87.00764145,3107,0.002896685
27,-85.95935661,1074,0.003724395
27,-84.91107177,494,0.004048583
27,-83.86278694,3038,0.000329164
27,-82.8145021,33185,0.002109387
27,-81.76621726,10143,0.004239377
27,-80.71793243,4582,0.007856831
27,-79.66964759,93547,0.002469347
27,-78.62136275,2233,0.004926108
27,-77.57307792,288,0.003472222
27,-76.52479308,187,0.005347594
27,-75.47650824,714,0
27,-74.42822341,508,0
27,-73.37993857,132,0
27,-72.33165373,55,0
27,-71.2833689,3,0
27,-70.23508406,4,0.25
27,-69.18679922,4,0
28,-140.9971906,5,0
28,-139.9449728,14,0
28,-138.8927549,88,0.022727273
28,-137.8405371,216,0
28,-136.7883193,114,0.01754386
28,-135.7361014,186,0
28,-134.6838836,300,0
28,-133.6316657,260,0.003846154
28,-132.5794479,505,0.001980198
28,-131.5272301,698,0.001432665
28,-130.4750122,696,0
28,-129.4227944,770,0.001298701
28,-128.3705765,712,0.001404494
28,-127.3183587,446,0
28,-126.2661409,561,0
28,-125.213923,885,0
28,-124.1617052,985,0
28,-123.1094873,1275,0.000784314
28,-122.0572695,1122,0
28,-121.0050517,663,0
28,-119.9528338,1536,0
28,-118.900616,3287,0.000912686
28,-117.8483981,2609,0.001533155
28,-116.7961803,4735,0.000211193
28,-115.7439625,15754,0.000888663
28,-114.6917446,6434,0.000621697
28,-113.6395268,152,0.02631579
28,-98.908477,2,0
28,-97.85625916,28553,0.005323434
28,-96.80404132,126104,0.001808032
28,-95.75182348,43497,0.000390832
28,-94.69960564,39183,0.000484904
28,-93.6473878,13930,0.001220388
28,-92.59516996,47144,0.00053029
28,-91.54295212,20245,0.002025191
28,-90.49073428,18382,0.002121641
28,-89.43851644,18351,0.001035366
28,-88.3862986,10432,0.002875767
28,-87.33408076,5619,0
28,-86.28186292,4959,0.000403307
28,-85.22964508,6417,0
28,-84.17742724,7109,0
28,-83.1252094,60431,0.002233953
28,-82.07299156,27831,0.004132083
28,-81.02077372,25708,0.003928738
28,-79.96855588,56659,0.000494185
28,-78.91633804,9309,0.000644538
28,-77.8641202,3984,0.000251004
28,-76.81190235,1661,0.001204094
28,-75.75968451,771,0.001297017
28,-74.70746667,183,0
28,-73.65524883,70,0.014285714
28,-72.60303099,24,0
28,-71.55081315,17,0
28,-70.49859531,6,0
29,-140.4933448,5,0
29,-139.4370039,57,0.01754386
29,-138.380663,61,0.016393443
29,-137.324322,196,0
29,-136.2679811,222,0
29,-135.2116401,295,0
29,-134.1552992,522,0.001915709
29,-133.0989583,428,0
29,-132.0426173,452,0
29,-130.9862764,506,0
29,-129.9299354,415,0
29,-128.8735945,413,0
29,-127.8172536,1233,0
29,-126.7609126,1713,0
29,-125.7045717,1636,0.000611247
29,-124.6482308,2272,0
29,-123.5918898,1339,0.000746826
29,-122.5355489,1990,0.001507538
29,-121.4792079,2095,0
29,-120.422867,3085,0.000648298
29,-119.3665261,2901,0.000689417
29,-118.3101851,2681,0.002237971
29,-117.2538442,6581,0.001063668
29,-116.1975032,15489,0.000968429
29,-115.1411623,2990,0.001337793
29,-97.18336635,2307,0.011270048
29,-96.12702541,77679,0.001428958
29,-95.07068447,387432,0.002666274
29,-94.01434353,119314,0.000377156
29,-92.9580026,79978,0.000650179
29,-91.90166166,63886,0.00092352
29,-90.84532072,68114,0.001600258
29,-89.78897978,315719,0.002242501
29,-88.73263884,80327,0.002303086
29,-87.6762979,13236,0.001359928
29,-86.61995696,3677,0.000543922
29,-85.56361603,9769,0.000511823
29,-84.50727509,8591,0.00128041
29,-83.45093415,8522,0.000586717
29,-82.39459321,1664,0.003605769
29,-81.33825227,14733,0.002850743
29,-80.28191133,42251,0.000544366
29,-79.22557039,6078,0.000658111
29,-78.16922946,1824,0
29,-77.11288852,181,0
29,-76.05654758,856,0.001168224
29,-75.00020664,845,0.001183432
29,-73.9438657,415,0.002409639
29,-72.88752476,68,0
29,-71.83118382,55,0
29,-70.77484289,15,0
29,-69.71850195,1,0
30,-143.1891232,1,0
30,-138.9464825,2,0
30,-137.8858223,179,0
30,-136.8251622,172,0.005813954
30,-135.764502,403,0
30,-134.7038418,755,0.00397351
30,-133.6431816,1247,0.000801925
30,-132.5825215,801,0.00124844
30,-131.5218613,900,0
30,-130.4612011,1146,0.001745201
30,-129.400541,1236,0
30,-128.3398808,1311,0
30,-127.2792206,678,0
30,-126.2185604,1618,0.001236094
30,-125.1579003,2531,0
30,-124.0972401,4211,0.003087153
30,-123.0365799,3738,0.000267523
30,-121.9759198,3907,0.000255951
30,-120.9152596,1880,0.00106383
30,-119.8545994,1521,0.003287311
30,-118.7939392,2947,0.001017984
30,-117.7332791,12920,0.002244582
30,-116.6726189,15433,0.000712758
30,-115.6119587,2332,0.001715266
30,-95.45941546,236302,0.003948337
30,-94.39875529,209616,0.002270819
30,-93.33809512,249040,0.001879216
30,-92.27743494,133960,0.001254106
30,-91.21677477,404215,0.002622367
30,-90.1561146,466228,0.002859116
30,-89.09545443,125480,0.001705451
30,-88.03479426,98405,0.003058788
30,-86.97413409,25638,0.003042359
30,-85.91347391,37025,0.004591492
30,-84.85281374,21894,0.001826985
30,-83.79215357,4303,0.000929584
30,-81.67083323,86092,0.002659945
30,-80.61017306,26246,0.000457213
30,-79.54951288,5562,0.000179791
30,-78.48885271,2110,0
30,-77.42819254,958,0.001043841
30,-76.36753237,254,0
30,-75.3068722,722,0.001385042
30,-74.24621202,539,0.001855288
30,-73.18555185,24,0
30,-72.12489168,64,0.015625
30,-71.06423151,23,0
30,-70.00357134,13,0
30,-68.94291117,8,0
31,-143.7995699,14,0
31,-142.7343879,5,0
31,-140.6040239,7,0
31,-139.5388419,250,0
31,-138.4736599,238,0
31,-137.4084779,84,0.011904762
31,-136.3432959,172,0
31,-135.2781139,300,0.003333333
31,-134.2129319,413,0.002421308
31,-133.1477499,873,0.001145475
31,-132.0825679,1278,0.000782473
31,-131.0173859,1404,0.000712251
31,-129.9522039,1797,0
31,-128.8870219,3245,0
31,-127.8218399,1942,0
31,-126.7566579,2081,0
31,-125.6914759,3123,0.000960615
31,-124.6262939,5674,0.001586183
31,-123.5611119,4900,0.000408163
31,-122.4959299,3422,0.002337814
31,-121.4307479,1496,0
31,-120.3655659,2324,0.000430293
31,-119.3003839,4249,0.000706049
31,-118.2352019,17426,0.00166418
31,-117.1700199,20040,0.001097804
31,-116.1048379,3935,0.00025413
31,-115.0396559,1,1
31,-92.67083391,2407,0.005816369
31,-91.60565191,133777,0.0014726
31,-89.47528791,1,1
31,-88.41010591,61267,0.003329688
31,-87.34492391,743,0.00807537
31,-86.27974191,51,0
31,-82.01901392,5100,0.012745098
31,-80.95383192,75799,0.001675484
31,-79.88864992,14892,0.00020145
31,-78.82346792,4249,0.001647447
31,-77.75828592,1704,0.001760563
31,-76.69310392,509,0
31,-75.62792192,326,0
31,-74.56273993,489,0
31,-73.49755793,340,0.002941177
31,-72.43237593,105,0
31,-71.36719393,43,0
31,-70.30201193,12,0
31,-69.23682993,9,0
31,-66.04128393,5,0.2
31,-61.78055594,1,0
32,-142.2984725,2,0
32,-141.2285592,1,0
32,-140.1586459,38,0
32,-139.0887326,12,0
32,-138.0188192,143,0
32,-136.9489059,182,0.005494506
32,-135.8789926,452,0
32,-134.8090792,648,0
32,-133.7391659,480,0
32,-132.6692526,163,0
32,-131.5993393,900,0
32,-130.5294259,791,0
32,-129.4595126,2048,0.000488281
32,-128.3895993,3280,0.00152439
32,-127.319686,4638,0.001078051
32,-126.2497726,3868,0.000258532
32,-125.1798593,5250,0.00152381
32,-124.109946,5044,0
32,-123.0400326,1305,0.001532567
32,-121.9701193,968,0.001033058
32,-120.900206,976,0.00102459
32,-119.8302927,4159,0.003125751
32,-118.7603793,5957,0.001007218
32,-117.690466,24733,0.000566045
32,-116.6205527,17346,0.003516661
32,-115.5506394,1,0
32,-113.4108127,6,0.166666667
32,-112.3408994,11,0.090909091
32,-94.1523728,110,0.118181818
32,-93.08245948,3780,0.002116402
32,-92.01254615,3382,0.004139562
32,-90.94263282,50739,0.003291354
32,-88.80280617,181,0.005524862
32,-87.73289284,14246,0.002807806
32,-82.3833262,1,0
32,-81.31341288,65225,0.002376389
32,-80.24349955,65528,0.000824075
32,-79.17358622,17150,0.000466472
32,-78.10367289,4447,0.000224871
32,-77.03375957,2462,0
32,-75.96384624,2090,0
32,-74.89393291,1153,0
32,-73.82401959,416,0.002403846
32,-72.75410626,382,0.002617801
32,-71.68419293,136,0.014705882
32,-70.6142796,56,0
32,-69.54436628,21,0
32,-68.47445295,14,0
33,-141.8817241,3,0
33,-140.8068625,5,0.2
33,-139.732001,2,0
33,-138.6571394,55,0.018181818
33,-137.5822779,236,0.008474576
33,-136.5074163,515,0
33,-135.4325548,421,0.002375297
33,-134.3576932,968,0.001033058
33,-133.2828317,1316,0.000759878
33,-132.2079701,1244,0.000803859
33,-131.1331086,1185,0
33,-130.058247,940,0
33,-128.9833855,1147,0.003487358
33,-127.908524,3749,0.004001067
33,-126.8336624,5210,0.00134357
33,-125.7588009,3525,0.002269504
33,-124.6839393,2698,0.002594515
33,-123.6090778,1652,0.001210654
33,-122.5342162,1718,0.001164144
33,-121.4593547,2626,0.001142422
33,-120.3844931,5807,0.000516618
33,-119.3096316,14035,0.002422515
33,-118.23477,93279,0.004491901
33,-117.1599085,72256,0.008926594
33,-113.9353239,20,0
33,-112.8604623,24,0
33,-92.43809294,672,0.001488095
33,-91.3632314,2739,0.015334064
33,-88.13864676,36176,0.001437417
33,-87.06378521,2068,0.003868472
33,-80.61461594,10242,0.001562195
33,-79.53975439,121162,0.00239349
33,-78.46489285,28902,0.000242198
33,-77.3900313,12206,0.000245781
33,-76.31516976,4639,0.000431127
33,-75.24030821,1248,0.000801282
33,-74.16544666,930,0.001075269
33,-73.09058512,205,0
33,-72.01572357,238,0.008403361
33,-70.94086203,90,0
33,-69.86600048,37,0
33,-68.79113893,5,0
34,-142.5645621,7,0
34,-141.4845276,51,0.019607843
34,-140.404493,26,0.038461539
34,-139.3244585,98,0.010204082
34,-138.2444239,297,0.003367003
34,-137.1643893,370,0.002702703
34,-136.0843548,600,0
34,-135.0043202,775,0
34,-133.9242856,974,0
34,-132.8442511,1286,0.000777605
34,-131.7642165,1350,0
34,-130.684182,1814,0
34,-129.6041474,2536,0.000788644
34,-128.5241128,2141,0.000934143
34,-127.4440783,4836,0.003101737
34,-126.3640437,5699,0.000877347
34,-125.2840092,5790,0.000345423
34,-124.2039746,3831,0.001827199
34,-123.12394,4361,0
34,-122.0439055,7623,0.000262364
34,-120.9638709,25066,0.000797894
34,-119.8838363,69549,0.005334369
34,-118.8038018,107782,0.00861925
34,-117.7237672,85160,0.012141851
34,-115.5636981,1,1
34,-91.80293774,12766,0.004386652
34,-90.72290318,65093,0.004654878
34,-88.56283406,20272,0.001430545
34,-87.48279949,7,0
34,-86.40276493,3447,0.007252684
34,-78.842523,25806,0.001588778
34,-77.76248844,74337,0.00137213
34,-76.68245388,29208,0.000308135
34,-75.60241932,9789,0.000408622
34,-74.52238475,883,0.002265006
34,-73.44235019,162,0.00617284
34,-72.36231563,16,0
34,-71.28228107,2,0
35,-142.1927501,41,0
35,-141.1073093,20,0
35,-140.0218684,60,0
35,-138.9364276,197,0.025380711
35,-137.8509867,542,0.001845019
35,-136.7655459,692,0.001445087
35,-135.6801051,938,0.002132196
35,-134.5946642,1046,0.001912046
35,-133.5092234,1523,0
35,-132.4237825,1663,0
35,-131.3383417,1950,0
35,-130.2529009,2457,0
35,-129.16746,2732,0.000366032
35,-128.0820192,4158,0.0002405
35,-126.9965783,4201,0.000476077
35,-125.9111375,4970,0.000201207
35,-124.8256967,2025,0
35,-123.7402558,2496,0.000400641
35,-122.654815,7206,0.001804052
35,-121.5693741,19501,0.000512794
35,-120.4839333,6591,0.002124109
35,-118.3130516,14,0.214285714
35,-116.1421699,6,0.333333333
35,-95.51879396,961,0
35,-94.43335312,8325,0.000840841
35,-93.34791228,9016,0.000776398
35,-92.26247144,13798,0.004565879
35,-91.1770306,199,0
35,-90.09158976,111807,0.009918878
35,-89.00614892,301,0.003322259
35,-87.92070808,20244,0.002716854
35,-86.83526724,5922,0.003714961
35,-85.7498264,3888,0.00308642
35,-84.66438556,65,0
35,-81.40806304,1,0
35,-80.3226222,1,0
35,-78.15174051,1,0
35,-77.06629967,71396,0.001988907
35,-75.98085883,62329,0.0006578
35,-74.89541799,28651,0.000209417
35,-73.80997715,529,0
35,-72.72453631,1,0
35,-71.63909547,4,0.25
36,-144.0238076,8,0
36,-142.9327181,5,0
36,-141.8416287,3,0
36,-140.7505392,17,0
36,-139.6594498,30,0
36,-138.5683603,23,0
36,-137.4772708,79,0
36,-136.3861814,380,0
36,-135.2950919,1059,0
36,-134.2040025,1336,0.000748503
36,-133.112913,1916,0
36,-132.0218236,1832,0.000545852
36,-130.9307341,2046,0
36,-129.8396447,1979,0.000505306
36,-128.7485552,2554,0
36,-127.6574658,3512,0
36,-126.5663763,3638,0
36,-125.4752869,1881,0
36,-124.3841974,1972,0.003549696
36,-123.293108,11956,0.00092004
36,-122.2020185,19516,0.00035868
36,-121.1109291,2894,0
36,-120.0198396,1,1
36,-117.8376607,1,1
36,-96.0158717,4397,0.003411417
36,-94.92478225,5557,0.001439626
36,-90.56042445,236,0
36,-89.469335,95787,0.00184785
36,-88.37824555,567,0.005291005
36,-87.28715609,10170,0.00245821
36,-86.19606664,5610,0.005525847
36,-85.10497719,465,0
36,-84.01388774,530,0.022641509
36,-77.46735103,8,0
36,-76.37626158,26861,0.001116861
36,-75.28517213,58710,0.00100494
36,-74.19408268,11566,0.000778143
36,-73.10299323,254,0.003937008
37,-144.8026952,11,0
37,-142.608715,33,0
37,-141.5117248,64,0.015625
37,-140.4147347,6,0
37,-139.3177446,93,0.010752688
37,-138.2207545,188,0
37,-137.1237644,369,0
37,-136.0267743,360,0.002777778
37,-134.9297841,863,0
37,-133.832794,694,0
37,-132.7358039,896,0
37,-131.6388138,2665,0.003377111
37,-130.5418237,2050,0.00097561
37,-129.4448336,2326,0
37,-128.3478435,2342,0
37,-127.2508533,2043,0
37,-126.1538632,1964,0.000509165
37,-125.0568731,5098,0.000784621
37,-123.959883,12210,0.001228501
37,-122.8628929,28777,0.001980749
37,-121.7659028,7899,0.006836308
37,-117.3779423,1,0
37,-89.95318943,3933,0.005339436
37,-88.85619932,172788,0.003779198
37,-87.7592092,28426,0.004608457
37,-77.88629817,191,0.005235602
37,-76.78930805,85561,0.003599771
37,-75.69231794,118159,0.00085478
37,-74.59532782,27850,0.000359066
37,-73.49833771,5199,0.000961723
37,-72.40134759,211,0.023696683
38,-141.2036173,38,0.02631579
38,-140.100464,129,0.007751938
38,-138.9973108,156,0
38,-137.8941575,164,0
38,-136.7910043,103,0
38,-135.687851,220,0.009090909
38,-134.5846977,495,0.002020202
38,-133.4815445,1523,0.001313198
38,-132.3783912,1724,0.001740139
38,-131.275238,1319,0
38,-130.1720847,1800,0
38,-129.0689314,2303,0
38,-127.9657782,4039,0
38,-126.8626249,2525,0.00039604
38,-125.7594717,2073,0.000482393
38,-124.6563184,7205,0.00055517
38,-123.5531651,19271,0.000778372
38,-122.4500119,159673,0.009719865
38,-121.3468586,13267,0.014622748
38,-90.45856733,62981,0.003048538
38,-89.35541407,17109,0.003857619
38,-88.25226081,13599,0.001764836
38,-87.14910755,50598,0.002490217
38,-86.04595429,50635,0.02132912
38,-84.94280103,1542,0
38,-82.73649451,26213,0.002098196
38,-81.63334125,5310,0.008097928
38,-77.22072821,6648,0.001504212
38,-76.11757495,57246,0.001100514
38,-75.01442169,23856,0.000670691
38,-73.91126843,11702,0.000512733
38,-72.80811517,935,0
38,-71.70496191,45,0
38,-70.60180865,13,0
39,-138.6987603,53,0
39,-137.5891702,47,0
39,-136.4795801,197,0.010152284
39,-135.36999,583,0
39,-134.2603999,819,0.001221001
39,-133.1508099,894,0.002237137
39,-132.0412198,537,0
39,-130.9316297,1077,0
39,-129.8220396,1805,0
39,-128.7124495,3828,0.001044932
39,-127.6028595,996,0.001004016
39,-126.4932694,979,0
39,-125.3836793,5251,0.00019044
39,-124.2740892,9236,0
39,-123.1644991,322,0
39,-122.054909,576,0.006944444
39,-90.98638674,21980,0.003275705
39,-89.87679666,89202,0.007387727
39,-85.43843633,19898,0.007236908
39,-84.32884625,60094,0.002263121
39,-83.21925616,20592,0.00267094
39,-82.10966608,67731,0.000915386
39,-81.000076,16414,0.001218472
39,-77.67130575,659,0.003034901
39,-76.56171567,60611,0.002474798
39,-75.45212559,44356,0.001397782
39,-74.34253551,52402,0.001164078
39,-73.23294542,23439,0.000853279
39,-72.12335534,1081,0.001850139
39,-71.01376526,81,0
39,-69.90417518,23,0.086956522
39,-68.7945851,5,0
40,-138.4227638,2,0
40,-137.3064512,102,0
40,-136.1901386,134,0
40,-135.073826,300,0
40,-133.9575134,341,0.005865103
40,-132.8412007,206,0
40,-131.7248881,1090,0
40,-130.6085755,950,0
40,-129.4922629,2633,0
40,-128.3759503,1379,0
40,-127.2596377,1368,0
40,-126.1433251,2827,0
40,-125.0270125,8988,0
40,-123.9106999,1707,0.001171646
40,-122.7943872,1,1
40,-91.53763413,25595,0.004649346
40,-90.42132152,1303,0.048349962
40,-81.49082063,1245,0
40,-80.37450801,85275,0.009709763
40,-75.90925757,32830,0.001827597
40,-74.79294496,32643,0.002665196
40,-73.67663235,105317,0.001443262
40,-72.56031973,14255,0.000561207
40,-71.44400712,3247,0.000615953
40,-70.32769451,2518,0.002382844
40,-69.2113819,2274,0.001759015
40,-68.09506929,101,0
40,-66.97875668,3,0
41,-131.4300531,324,0.00308642
41,-130.3067193,1102,0.000907441
41,-129.1833855,3609,0
41,-128.0600517,563,0
41,-126.9367179,560,0
41,-125.8133842,4826,0
41,-124.6900504,28320,0.009781073
41,-123.5667166,429,0.032634033
41,-90.99003676,23634,0.003469578
41,-89.86670297,18501,0.005513216
41,-88.74336918,43127,0.003408538
41,-87.6200354,6465,0.00804331
41,-83.12670025,493,0.012170385
41,-82.00336646,2308,0.046360485
41,-80.88003267,12752,0.03379862
41,-79.75669889,14113,0.016084461
41,-74.14002995,284895,0.001986697
41,-73.01669616,45610,0.001315501
41,-71.89336238,69132,0.001027021
41,-70.77002859,39530,0.000556539
41,-69.6466948,31438,0.000508938
41,-68.52336102,2155,0.001856149
41,-67.40002723,133,0
42,-132.2881024,74,0
42,-131.1574349,921,0.002171553
42,-130.0267673,1686,0
42,-128.8960998,2225,0
42,-127.7654323,199,0
42,-126.6347647,1403,0.000712758
42,-125.5040972,7304,0
42,-124.3734296,23006,0.013735547
42,-117.5894244,38,0.078947368
42,-90.45340337,13417,0.005962585
42,-88.19206829,39309,0.007937114
42,-87.06140075,28069,0.00619901
42,-85.9307332,330,0.024242424
42,-83.66939812,24746,0.002667098
42,-82.53873058,46835,0.002220562
42,-81.40806304,23130,0.001297017
42,-80.27739549,15976,0.000876315
42,-79.14672795,143,0
42,-73.49339024,14823,0.001349255
42,-72.3627227,10,0
42,-71.23205516,57426,0.003465329
42,-70.10138761,25368,0.001852728
42,-68.97072007,1580,0.000632911
42,-67.84005253,87,0.011494253
42,-66.70938499,1,0
43,-132.0461518,199,0.005025126
43,-130.9078229,263,0
43,-129.769494,2525,0.001584158
43,-128.6311651,321,0.00623053
43,-127.4928362,113,0
43,-126.3545073,3581,0.000558503
43,-125.2161784,7657,0
43,-124.0778496,7198,0.005973882
43,-118.3862051,16,0.0625
43,-91.0663116,1043,0.008628955
43,-87.65132491,15403,0.00240213
43,-86.51299602,6324,0.004743833
43,-83.09800933,8771,0.001710181
43,-81.95968044,28447,0.001617042
43,-80.82135154,857,0.009334889
43,-79.68302265,48581,0.004837282
43,-78.54469375,10908,0.001191786
43,-77.40636486,980,0
43,-76.26803596,178,0.005617978
43,-73.99137817,1357,0.005895357
43,-70.57639149,16549,0.002779624
43,-69.43806259,8496,0.000235405
43,-68.2997337,977,0.002047083
43,-67.1614048,572,0.001748252
43,-66.02307591,36,0
43,-64.88474701,1,0
44,-131.8284163,163,0
44,-130.6820822,867,0.002306805
44,-129.5357482,1745,0.000573066
44,-128.3894141,921,0.001085776
44,-127.2430801,615,0.001626016
44,-126.096746,4313,0.000231857
44,-124.950412,13539,0.000738607
44,-123.8040779,36071,0.000554462
44,-120.3650757,18,0.222222222
44,-119.2187417,2,0.5
44,-91.70672438,168,0.065476191
44,-88.26772222,588,0.00170068
44,-87.12138816,15814,0.000632351
44,-85.97505411,1276,0.000783699
44,-83.682386,3348,0.001194743
44,-82.53605194,28821,3.47E-05
44,-81.38971789,1131,0.008841733
44,-79.09704978,5035,0.001986097
44,-77.95071572,14560,0.000137363
44,-76.80438167,24646,0.002069301
44,-75.65804761,3201,0.005623243
44,-69.92637734,17099,0.003392011
44,-68.78004329,27059,0.002771721
44,-67.63370923,4077,0.000490557
44,-66.48737518,442,0.002262443
45,-131.6358614,19,0.105263158
45,-130.4811608,291,0.003436426
45,-129.3264603,582,0.001718213
45,-128.1717598,637,0
45,-127.0170592,1115,0.000896861
45,-125.8623587,2917,0.001028454
45,-124.7076581,5572,0.000717875
45,-123.5529576,6402,0.004842237
45,-122.3982571,1411,0.002834869
45,-120.088856,42,0.119047619
45,-118.9341555,1,1
45,-93.53074361,85,0.023529412
45,-87.75724092,5819,0.003608868
45,-86.60254038,14965,0.000200468
45,-85.44783984,4755,0.003995794
45,-84.2931393,943,0.025450689
45,-83.13843876,31469,0.000381328
45,-81.98373822,175,0
45,-76.21023553,85,0.023529412
45,-75.05553499,2,0.5
45,-69.2820323,18,0
45,-66.97263123,262,0.026717557
45,-65.81793069,191,0.005235602
46,-131.4695452,9,0
46,-130.3060979,138,0
46,-129.1426506,886,0.001128668
46,-127.9792033,1226,0.004078303
46,-126.815756,3665,0.001909959
46,-125.6523087,13410,0.000745712
46,-124.4888614,106141,0.00191255
46,-123.3254141,86786,0.010750582
46,-122.1619668,24846,0.015495452
46,-120.9985195,4111,0.003648747
46,-119.8350722,1947,0.006676939
46,-118.6716249,5093,0.000392696
46,-87.25854769,26,0
46,-86.09510038,9145,0.001530891
46,-84.93165308,23054,0.001474798
46,-83.76820578,41412,0.021732831
46,-82.60475848,874,0.005720824
47,-132.5032228,4,0
47,-131.3306279,153,0
47,-130.158033,240,0.008333333
47,-128.9854381,109,0.009174312
47,-127.8128432,453,0.011037528
47,-126.6402484,703,0.004267425
47,-125.4676535,5214,0.001534331
47,-124.2950586,7207,0.002358818
47,-123.1224637,16817,0.017363382
47,-121.9498688,35219,0.011527869
47,-120.7772739,1,0
47,-118.4320841,764,0.002617801
47,-117.2594892,463,0.010799136
47,-92.63499648,2419,0.035138487
47,-91.46240159,9557,0.003976143
47,-90.2898067,7402,0.005268846
47,-89.11721181,4367,0.00022899
47,-87.94461691,5788,0.005874223
47,-86.77202202,12637,0
47,-85.59942713,17223,0.000174186
47,-84.42683224,14706,0.011559908
48,-132.4025482,7,0
48,-131.2203826,49,0
48,-128.8560514,53,0.018867925
48,-127.6738858,392,0.010204082
48,-126.4917202,10286,0.001847171
48,-125.3095546,41151,0.000291609
48,-124.127389,42435,0.000989749
48,-122.9452234,199187,0.008584898
48,-121.7630578,31308,0.04002172
48,-120.5808922,4,1
48,-119.3987265,1,1
48,-118.2165609,1,1
48,-91.02675192,1234,0
48,-89.84458631,4085,0
48,-88.6624207,12798,0.002109705
48,-87.48025509,9946,0.000201086
48,-86.29808948,1166,0.000857633
49,-128.75584,23,0
49,-127.5636563,373,0.010723861
49,-126.3714726,12914,0.002555366
49,-125.1792889,17825,0.002187938
49,-123.9871052,118031,0.003753251
49,-122.7949215,290326,0.008934784
49,-121.6027378,530,0.026415094
49,-88.22159406,323,0.009287926
49,-87.02941035,26,0.038461539
50,-129.8889636,1,2
50,-128.686288,7,0
50,-127.4836124,4,0
50,-125.0782612,2657,0.012796387
50,-123.8755856,10010,0.004095904
50,-122.67291,672,0.008928571
50,-121.4702344,2,0
50,-67.34983296,171,0
51,-126.2216895,7,0
51,-125.0080194,13,0.153846154
51,-67.9655251,128,0
51,-66.75185501,708,0
51,-65.53818492,36,0
52,-66.16073157,309,0
52,-64.93553284,533,0
